"evento","inizio","sede","indirizzo","comune"
"Il vino fa cantare","2019-09-05 00:00:00","Museo e Pinacoteca d'Arte Medievale e Moderna della Citt√† Metropolitana di Bari ""Corrado Giaquinto""","Via Spalato, 19 - Bari","Bari"
"Finissage della mostra ""Omar Galliani. Leonardesca""","2019-09-09 00:00:00","Castello svevo di Bari","piazza Federico II di Svevia - Bari","Bari"
"Alla scoperta dei tesori nascosti nell'ex convento di San Sebastiano","2019-09-21 00:00:00","Centro operativo per l'Archeologia","via Aspromonte - Gravina in Puglia","Gravina in Puglia"
"Alla scoperta dell‚ÄôArchivio","2019-09-21 00:00:00","Archivio di Stato di Bari","via Pietro Oreste, 45 - Bari","Bari"
"Concerto dedicato al Maestro Morricone","2019-09-21 00:00:00","Castello svevo di Bari","piazza Federico II di Svevia - Bari","Bari"
"Dialoghi con Leuc√≤","2019-09-21 00:00:00","Parco archeologico di Monte Sannace","Strada Provinciale 61 - Gioia del Colle - Turi Km 4,5 - Gioia del Colle","Gioia del Colle"
"Giovinazzo - Dolmen di San Silvestro","2019-09-21 00:00:00","Dolmen di San Silvestro","Strada Provinciale 107 - Giovinazzo","Giovinazzo"
"Il vino fa cantare","2019-09-21 00:00:00","Museo e Pinacoteca d'Arte Medievale e Moderna della Citt√† Metropolitana di Bari ""Corrado Giaquinto""","Via Spalato, 19 - Bari","Bari"
"Immagini senza forma ","2019-09-21 00:00:00","Museo nazionale Jatta","piazza G. Bovio - Ruvo di Puglia","Ruvo di Puglia"
"Incontri di Archeologia","2019-09-21 00:00:00","Palazzo Simi - Centro operativo per l'Archeologia","Strada Lamberti - Bari","Bari"
"L‚Äôultima scelta","2019-09-21 00:00:00","Museo archeologico nazionale e Castello di Gioia del Colle","piazza dei Martiri del 1799 - Gioia del Colle","Gioia del Colle"
"Museo in Musica","2019-09-21 00:00:00","Museo Principe Guglielmo Romanazzi Carducci di Santo Mauro","Piazza Plebiscito - Putignano","Putignano"
"Time Zones - Ad Museum ","2019-09-21 00:00:00","Chiostro di Santa Chiara","Pier l'Eremita 25/B - Bari","Bari"
"Visite guidate all‚Äôesposizione ","2019-09-21 00:00:00","Galleria nazionale della Puglia ""Girolamo e Rosaria Devanna""","via Giandonato Rogadeo - Bitonto","Bitonto"
"Sempre caro mi fu quest'ermo  colle...","2019-09-22 00:00:00","Biblioteca Nazionale  Sagarriga Visconti Volpi","Via Pietro Oreste - Bari","Bari"
"Le mille e una notte - di e con Paolo Panaro","2019-09-28 00:00:00","Chiostro di Santa Chiara","Pier l'Eremita 25/B - Bari","Bari"
"Giornata del contemporaneo","2019-10-12 00:00:00","Museo e Pinacoteca d'Arte Medievale e Moderna della Citt√† Metropolitana di Bari ""Corrado Giaquinto""","Via Spalato, 19 - Bari","Bari"
"#F@mu - Giornata delle famiglie al museo","2019-10-13 00:00:00","Museo e Pinacoteca d'Arte Medievale e Moderna della Citt√† Metropolitana di Bari ""Corrado Giaquinto""","Via Spalato, 19 - Bari","Bari"
"DOMENICA DI CARTA","2019-10-13 00:00:00","Archivio di Stato di Bari","via Pietro Oreste, 45 - Bari","Bari"
"Domenica di Carta alla Biblioteca Nazionale di Bari","2019-10-13 00:00:00","Biblioteca Nazionale  Sagarriga Visconti Volpi","Via Pietro Oreste - Bari","Bari"
"Settimana della cultura italo-polacca -  Bari, 14-20 ottobre 2019","2019-10-14 00:00:00","Castello svevo di Bari","piazza Federico II di Svevia - Bari","Bari"
"Cappuccetto d‚Äôosso al Castello","2019-10-31 00:00:00","Museo archeologico nazionale e Castello di Gioia del Colle","piazza dei Martiri del 1799 - Gioia del Colle","Gioia del Colle"
"Il cinema russo attraverso i suoi manifesti. Anni ‚Äô20 ‚Äì Anni ‚Äô80.","2019-11-15 00:00:00","Castello svevo di Bari","piazza Federico II di Svevia - Bari","Bari"
"Corso di introduzione all‚Äôastronomia ""Dalla Terra all'Universo""","2019-11-16 00:00:00","Galleria nazionale della Puglia ""Girolamo e Rosaria Devanna""","via Giandonato Rogadeo - Bitonto","Bitonto"
"Bari tra le tavole di Frate Menotti","2019-11-25 00:00:00","Biblioteca Nazionale  Sagarriga Visconti Volpi","Via Pietro Oreste - Bari","Bari"
"""Conversazione su Leopardi"" e presentazione del libro ""Il celeste confine. Leopardi e il mito moderno dell'infinito""","2019-11-29 00:00:00","Galleria nazionale della Puglia ""Girolamo e Rosaria Devanna""","via Giandonato Rogadeo - Bitonto","Bitonto"
"Armi e guerrieri a Ruvo","2019-11-30 00:00:00","Museo nazionale Jatta","piazza G. Bovio - Ruvo di Puglia","Ruvo di Puglia"
"Armi e guerrieri a Ruvo","2019-11-30 00:00:00","Museo nazionale Jatta","piazza G. Bovio - Ruvo di Puglia","Ruvo di Puglia"
"Luoghi e Memorie 1943-1945","2019-12-02 00:00:00","Archivio di Stato di Bari","via Pietro Oreste, 45 - Bari","Bari"
"Giornata Internazionale dei diritti delle persone con disabilit√†","2019-12-03 00:00:00","Archivio di Stato di Bari","via Pietro Oreste, 45 - Bari","Bari"
"Matin√©e natalizio tra arte e musica","2019-12-08 00:00:00","Museo e Pinacoteca d'Arte Medievale e Moderna della Citt√† Metropolitana di Bari ""Corrado Giaquinto""","Via Spalato, 19 - Bari","Bari"
"Matin√©e natalizio tra arte e musica ","2019-12-08 00:00:00","Museo e Pinacoteca d'Arte Medievale e Moderna della Citt√† Metropolitana di Bari ""Corrado Giaquinto""","Via Spalato, 19 - Bari","Bari"
"‚ÄúIn...Canto di Natale‚Äù Concerto corale ed Itinerario Fotografico","2019-12-13 00:00:00","Ex Convento di San Francesco della Scarpa","Via Pier l'Eremita, 25/B - Bari","Bari"
"""Musica al Castello""","2019-12-14 00:00:00","Castello svevo di Bari","piazza Federico II di Svevia - Bari","Bari"
"Concerto di Natale 2019","2019-12-15 00:00:00","Galleria nazionale della Puglia ""Girolamo e Rosaria Devanna""","via Giandonato Rogadeo - Bitonto","Bitonto"
"L'invenzione del buio","2019-12-15 00:00:00","Palazzo Simi - Centro operativo per l'Archeologia","Strada Lamberti - Bari","Bari"
"Le donne di Leonardo Da Vinci","2019-12-15 00:00:00","Museo archeologico nazionale e Castello di Gioia del Colle","piazza dei Martiri del 1799 - Gioia del Colle","Gioia del Colle"
"Concerto ""Compositori bitontini di ieri e oggi"" e Conferenza","2019-12-30 00:00:00","Galleria nazionale della Puglia ""Girolamo e Rosaria Devanna""","via Giandonato Rogadeo - Bitonto","Bitonto"
"‚ÄúMatin√©es musicali in Galleria‚Äù - Musica Sacra a cura dell'ensemble Altum Silentium","2020-01-26 00:00:00","Galleria nazionale della Puglia ""Girolamo e Rosaria Devanna""","via Giandonato Rogadeo - Bitonto","Bitonto"
"LE PRIME VOCI LIBERE  Dai campi di concentramento al teatro Piccinni","2020-01-27 00:00:00","Archivio di Stato di Bari","via Pietro Oreste, 45 - Bari","Bari"
"Gradazioni di luce: geografie di sguardi tra storia e contemporaneit√† in Puglia","2020-02-15 00:00:00","Castello svevo di Bari","piazza Federico II di Svevia - Bari","Bari"
"Per mare. Approdi e naufragi","2020-02-15 00:00:00","Castello svevo di Bari","piazza Federico II di Svevia - Bari","Bari"
"‚ÄúSulle tracce dei dinosauri‚Äù Gli esiti dell‚Äôintervento di protezione e conservazione delle impronte di dinosauro e della paleosuperficie a Cava Pontrelli - Altamura (Ba).","2020-02-24 00:00:00","Archivio di Stato di Bari","via Pietro Oreste, 45 - Bari","Bari"
"Arte del Con‚ÄìTatto","2020-02-29 00:00:00","Castello svevo di Bari","piazza Federico II di Svevia - Bari","Bari"
"Pinacoteca Metropolitana di Bari ""Corrado Giaquinto"".  XVI edizione ""ARTE E MUSICA""","2020-03-01 00:00:00","Museo e Pinacoteca d'Arte Medievale e Moderna della Citt√† Metropolitana di Bari ""Corrado Giaquinto""","Via Spalato, 19 - Bari","Bari"
"Tour virtuale del Castello di Gioia del Colle","2020-03-01 00:00:00","Museo archeologico nazionale e Castello di Gioia del Colle","piazza dei Martiri del 1799 - Gioia del Colle","Gioia del Colle"
"Tour virtuale del Castello svevo di Bari","2020-03-01 00:00:00","Castello svevo di Bari","piazza Federico II di Svevia - Bari","Bari"
"#iorestoacasa e scopro il #parcoMonteSannce e il #museoCastelloGioia","2020-03-13 00:00:00","Parco archeologico di Monte Sannace","Strada Provinciale 61 - Gioia del Colle - Turi Km 4,5 - Gioia del Colle","Gioia del Colle"
"#iorestoacasa e scopro il #parcoMonteSannce e il #museoCastelloGioia","2020-03-13 00:00:00","Museo archeologico nazionale e Castello di Gioia del Colle","piazza dei Martiri del 1799 - Gioia del Colle","Gioia del Colle"
"#iorestoacasa con il Castello Svevo di Bari","2020-03-14 00:00:00","Castello svevo di Bari","piazza Federico II di Svevia - Bari","Bari"
"#iorestoacasa con la Galleria Nazionale della Puglia","2020-03-14 00:00:00","Galleria nazionale della Puglia ""Girolamo e Rosaria Devanna""","via Giandonato Rogadeo - Bitonto","Bitonto"
"#iorestoacasa e #Jattaracconta - Miti, storie e leggende nel #museonazionalejatta","2020-03-14 00:00:00","Museo nazionale Jatta","piazza G. Bovio - Ruvo di Puglia","Ruvo di Puglia"
"Concorso #PaesaggioDiPuglia2020","2020-03-14 00:00:00","Museo archeologico nazionale e Castello di Gioia del Colle","piazza dei Martiri del 1799 - Gioia del Colle","Gioia del Colle"
" DANTED√¨ -  Museo Archeologico Nazionale - Castello di Gioia del Colle","2020-03-25 00:00:00","Museo archeologico nazionale e Castello di Gioia del Colle","piazza dei Martiri del 1799 - Gioia del Colle","Gioia del Colle"
"Danted√¨ - Al Museo Jatta di Ruvo di Puglia","2020-03-25 00:00:00","Museo nazionale Jatta","piazza G. Bovio - Ruvo di Puglia","Ruvo di Puglia"
"Danted√¨ - Galleria nazionale di Bitonto","2020-03-25 00:00:00","Galleria nazionale della Puglia ""Girolamo e Rosaria Devanna""","via Giandonato Rogadeo - Bitonto","Bitonto"
"Danted√¨ Castello svevo di Bari","2020-03-25 00:00:00","Castello svevo di Bari","piazza Federico II di Svevia - Bari","Bari"
"Pillole d'archivio","2020-04-01 00:00:00","Archivio di Stato di Bari","via Pietro Oreste, 45 - Bari","Bari"
"pillole d'archivio","2020-04-08 00:00:00","Archivio di Stato di Bari","via Pietro Oreste, 45 - Bari","Bari"
"pillole d'archivio 03","2020-04-15 00:00:00","Archivio di Stato di Bari","via Pietro Oreste, 45 - Bari","Bari"
"Cosa vorresti vedere dalla tua finestra?","2020-04-16 00:00:00","Galleria nazionale della Puglia ""Girolamo e Rosaria Devanna""","via Giandonato Rogadeo - Bitonto","Bitonto"
"Pinacoteca Metropolitana di Bari ""Corrado Giaquinto"".  XVI edizione ""ARTE E MUSICA""","2020-04-19 00:00:00","Museo e Pinacoteca d'Arte Medievale e Moderna della Citt√† Metropolitana di Bari ""Corrado Giaquinto""","Via Spalato, 19 - Bari","Bari"
"pillole04","2020-04-22 00:00:00","Archivio di Stato di Bari","via Pietro Oreste, 45 - Bari","Bari"
"pillola05","2020-04-30 00:00:00","Archivio di Stato di Bari","via Pietro Oreste, 45 - Bari","Bari"
"#EVASIONIDIGITALI. #PUGLIA Sulle tracce di San Nicola","2020-05-07 00:00:00","Archivio di Stato di Bari","Via Pietro Oreste, 45 - Bari","Bari"
"#iorestoacasa - Un viaggio virtuale per la Festa di San Nicola","2020-05-07 00:00:00","Museo e Pinacoteca d'Arte Medievale e Moderna della Citt√† Metropolitana di Bari ""Corrado Giaquinto""","Via Spalato, 19 - Bari","Bari"
"pillola06","2020-05-07 00:00:00","Archivio di Stato di Bari","via Pietro Oreste, 45 - Bari","Bari"
"Giornata Nazionale della Cultura del Vino e dell'Olio","2020-05-09 00:00:00","Museo archeologico nazionale e Castello di Gioia del Colle","piazza dei Martiri del 1799 - Gioia del Colle","Gioia del Colle"
"Giornata Nazionale della Cultura del Vino e dell'Olio","2020-05-09 00:00:00","Museo nazionale Jatta","piazza G. Bovio - Ruvo di Puglia","Ruvo di Puglia"
"Pinacoteca Metropolitana di Bari ""Corrado Giaquinto"".  XVI edizione ""ARTE E MUSICA""","2020-05-10 00:00:00","Museo e Pinacoteca d'Arte Medievale e Moderna della Citt√† Metropolitana di Bari ""Corrado Giaquinto""","Via Spalato, 19 - Bari","Bari"
"‚ÄúLeggere ‚Ä¶ vuol dire profondamente pensare‚Äù (V. Alfieri). La lettura nelle opere della Pinacoteca Metropolitana di Bari ‚ÄúCorrado Giaquinto‚Äù.","2020-05-13 00:00:00","Museo e Pinacoteca d'Arte Medievale e Moderna della Citt√† Metropolitana di Bari ""Corrado Giaquinto""","Via Spalato, 19 - Bari","Bari"
"Intrattenere i piccoli a casa e far conoscere gli Artenauti e la Pinacoteca di Bari","2020-05-25 00:00:00","Museo e Pinacoteca d'Arte Medievale e Moderna della Citt√† Metropolitana di Bari ""Corrado Giaquinto""","Via Spalato, 19 - Bari","Bari"
"#Evasioni digitali #Puglia Citt√† vecchie","2020-05-28 00:00:00","Archivio di Stato di Bari","Via Pietro Oreste, 45 - Bari","Bari"
"Moda al Castello - Collezioni di abiti storici in Puglia","2020-06-14 00:00:00","Castello svevo di Bari","piazza Federico II di Svevia - Bari","Bari"
"Giornate Europee dell'Archeologia","2020-06-19 00:00:00","Parco archeologico di Monte Sannace","Strada Provinciale 61 - Gioia del Colle - Turi Km 4,5 - Gioia del Colle","Gioia del Colle"
"Giornate Europee dell'Archeologia","2020-06-19 00:00:00","Museo archeologico nazionale e Castello di Gioia del Colle","piazza dei Martiri del 1799 - Gioia del Colle","Gioia del Colle"
"Pinacoteca Metropolitana di Bari ""Corrado Giaquinto"" vota ""Opera Tua","2020-08-01 00:00:00","Museo e Pinacoteca d'Arte Medievale e Moderna della Citt√† Metropolitana di Bari ""Corrado Giaquinto""","Via Spalato, 19 - Bari","Bari"
"Apertura della mostra documentaria ""100 Gianni Rodari. Ricordo di Gianni Rodari a Bitonto""","2020-09-26 00:00:00","Galleria nazionale della Puglia ""Girolamo e Rosaria Devanna""","via Giandonato Rogadeo - Bitonto","Bitonto"
"Apertura straordinaria con visita guidata tematica","2020-09-26 00:00:00","Museo archeologico nazionale e Castello di Gioia del Colle","piazza dei Martiri del 1799 - Gioia del Colle","Gioia del Colle"
"Concerto nel chiostro","2020-09-26 00:00:00","Ex Convento di San Francesco della Scarpa","Via Pier l'Eremita, 25/B - Bari","Bari"
"Finestre sull‚Äôarte","2020-09-26 00:00:00","Galleria civica d'arte moderna e contemporanea di Noicattaro","Via Console Positano - Noicattaro","Noicattaro"
"GEP - Giornate Europee del Patrimonio 2020 nella Pinacoteca di Bari - ""Imparare per la vita""","2020-09-26 00:00:00","Museo e Pinacoteca d'Arte Medievale e Moderna della Citt√† Metropolitana di Bari ""Corrado Giaquinto""","Via Spalato, 19 - Bari","Bari"
"Il Castello di Ceglie del Campo","2020-09-26 00:00:00","Castello di Ceglie del Campo","Piazza Castello, 5 - Bari","Bari"
"Il Parco Archeologico come opportunit√† di formazione: un nuovo racconto museale","2020-09-26 00:00:00","Parco archeologico di Monte Sannace","Strada Provinciale 61 - Gioia del Colle - Turi Km 4,5 - Gioia del Colle","Gioia del Colle"
"Imparare per la vita. L'Archivio e la Scuola","2020-09-26 00:00:00","Archivio di Stato di Bari","Via Pietro Oreste, 45 - Bari","Bari"
"Incontro con l'archeologia del territorio barese e visite guidate","2020-09-26 00:00:00","Palazzo Simi - Centro operativo per l'Archeologia","Strada Lamberti - Bari","Bari"
"La Citt√† degli Approdi. Il taumaturgo, il Krampus e gli altri prodigi","2020-09-26 00:00:00","Ex Convento di San Francesco della Scarpa","Via Pier l'Eremita, 25/B - Bari","Bari"
"Lectio magistralis della prof.ssa Paola Nitti sulla storia del costume e della moda","2020-09-26 00:00:00","Castello svevo di Bari","piazza Federico II di Svevia - Bari","Bari"
"Pinacoteca Open Day","2020-09-26 00:00:00","Pinacoteca ""Michele De Napoli""","Corso Dante Alighieri, 9 - Terlizzi","Terlizzi"
"Time Zones - L'anello e la pietra","2020-09-26 00:00:00","Chiostro di Santa Chiara","Pier l'Eremita 25/B - Bari","Bari"
"Visite guidate Centro operativo per l'Archeologia di Gravina in Puglia (BA)","2020-09-26 00:00:00","Museo civico archeologico di Gravina in Puglia","Piazza Benedetto XIII - Gravina in Puglia","Gravina in Puglia"
"Visite guidate alla biblioteca e alla mostra ‚ÄúLa vita culturale e politica barese fra Otto e Novecento nelle tavole di Frate Menotti‚Äù","2020-09-26 00:00:00","Biblioteca Nazionale  Sagarriga Visconti Volpi","Via Pietro Oreste - Bari","Bari"
"Visite guidate alla mostra ‚ÄúModa al Castello ‚Äì Collezioni di abiti storici in Puglia""","2020-09-26 00:00:00","Castello svevo di Bari","piazza Federico II di Svevia - Bari","Bari"
"Visite guidate alla mostra documentaria ""100 Gianni Rodari. Ricordo di Gianni Rodari a Bitonto""","2020-09-26 00:00:00","Galleria nazionale della Puglia ""Girolamo e Rosaria Devanna""","via Giandonato Rogadeo - Bitonto","Bitonto"
"Ai confini del corpo XI edizione 2020","2020-09-27 00:00:00","Chiostro di Santa Chiara","Pier l'Eremita 25/B - Bari","Bari"
"Diventare Archeologo: la formazione sul campo tra Universit√† e Scuola di Specializzazione","2020-09-27 00:00:00","Parco archeologico di Monte Sannace","Strada Provinciale 61 - Gioia del Colle - Turi Km 4,5 - Gioia del Colle","Gioia del Colle"
"Il Museo Archeologico Nazionale e il Castello Normanno Svevo come opportunit√† di formazione: un nuovo racconto museale","2020-09-27 00:00:00","Museo archeologico nazionale e Castello di Gioia del Colle","piazza dei Martiri del 1799 - Gioia del Colle","Gioia del Colle"
"Into the bones 2020 - Le ossa raccontano e visite guidate","2020-09-27 00:00:00","Palazzo Simi - Centro operativo per l'Archeologia","Strada Lamberti - Bari","Bari"
"Mostra fotografica Pianeta Puglia 2020","2020-09-27 00:00:00","Chiostro di Santa Chiara","Pier l'Eremita 25/B - Bari","Bari"
"Presentazione del libro ‚ÄúTorno subito‚Äù di Chiara Cannito","2020-09-27 00:00:00","Galleria nazionale della Puglia ""Girolamo e Rosaria Devanna""","via Giandonato Rogadeo - Bitonto","Bitonto"
"Visite guidate Dolmen di San Silvestro","2020-09-27 00:00:00","Dolmen di San Silvestro","Strada Provinciale 107 - Giovinazzo","Giovinazzo"
"Visite guidate alla mostra documentaria ""100 Gianni Rodari. Ricordo di Gianni Rodari a Bitonto""","2020-09-27 00:00:00","Galleria nazionale della Puglia ""Girolamo e Rosaria Devanna""","via Giandonato Rogadeo - Bitonto","Bitonto"
"Apertura straordinaria serale e presentazione del libro ""Champollion in Egitto, diario di una spedizione scientifica""","2020-10-03 00:00:00","Castello svevo di Bari","piazza Federico II di Svevia - Bari","Bari"
"Presentazione del catalogo della mostra ‚ÄúModa al Castello. Collezioni di abiti storici in Puglia‚Äù","2020-10-10 00:00:00","Castello svevo di Bari","piazza Federico II di Svevia - Bari","Bari"
"Domenica di Carta    2020","2020-10-11 00:00:00","Archivio di Stato di Bari","Via Pietro Oreste, 45 - Bari","Bari"
"Visite guidate alla biblioteca e presentazione del volume  La quadreria del Purgatorio, tra ipotesi e realt√†.  Santa Maria del Suffragio a Modugno  di I. Pirrone, L. Lepore, M. Damiani","2020-10-11 00:00:00","Biblioteca Nazionale  Sagarriga Visconti Volpi","Via Pietro Oreste - Bari","Bari"
"Apertura straordinaria serale con presentazione del libro ‚ÄúRime. Isabella Morra‚Äù","2020-10-17 00:00:00","Galleria nazionale della Puglia ""Girolamo e Rosaria Devanna""","via Giandonato Rogadeo - Bitonto","Bitonto"
"Apertura straordinaria serale ‚Äì Inaugurazione Settimana della Cultura Italo Polacca","2020-10-18 00:00:00","Castello svevo di Bari","piazza Federico II di Svevia - Bari","Bari"
"#APPUNTAMENTOCONLASTORIA: visite guidate nel complesso di San Francesco della Scarpa a Bari","2020-10-20 00:00:00","Ex Convento di San Francesco della Scarpa","Via Pier l'Eremita, 25/B - Bari","Bari"
"Buon compleanno Gianni Rodari!","2020-10-23 00:00:00","Galleria nazionale della Puglia ""Girolamo e Rosaria Devanna""","via Giandonato Rogadeo - Bitonto","Bitonto"
"L'ambiente geologico della cultura dolmenica","2020-10-31 00:00:00","Dolmen di San Silvestro","Strada Provinciale 107 - Giovinazzo","Giovinazzo"
"Giornata internazionale dei diritti delle persone con disabilit√† al Castello svevo di Bari","2020-12-03 00:00:00","Castello svevo di Bari","piazza Federico II di Svevia - Bari","Bari"
"Aspettando San Nicola tra giochi, libri e musica","2020-12-05 00:00:00","Biblioteca Nazionale  Sagarriga Visconti Volpi","Via Pietro Oreste - Bari","Bari"
"Presentazione delle opere di Paolo ‚ÄúGep‚Äù Cucco ed Emilia Serra_Copia","2020-12-18 00:00:00","Museo archeologico nazionale e Castello di Gioia del Colle","piazza dei Martiri del 1799 - Gioia del Colle","Gioia del Colle"
"Dalla vetrina della Galleria Nazionale: ""Omaggio a Raffaello: una Madonna di Pietro De Simone‚Äù","2020-12-20 00:00:00","Galleria nazionale della Puglia ""Girolamo e Rosaria Devanna""","via Giandonato Rogadeo - Bitonto","Bitonto"
"Riapertura Galleria Nazionale della Puglia ""Girolamo e Rosaria Devanna"" di Bitonto","2021-02-15 00:00:00","Galleria nazionale della Puglia ""Girolamo e Rosaria Devanna""","via Giandonato Rogadeo - Bitonto","Bitonto"
"Riapertura Castello Svevo di Bari","2021-02-22 00:00:00","Castello svevo di Bari","piazza Federico II di Svevia - Bari","Bari"
"Riapertura Museo Archeologico Nazionale di Gioia del Colle","2021-02-22 00:00:00","Museo archeologico nazionale e Castello di Gioia del Colle","piazza dei Martiri del 1799 - Gioia del Colle","Gioia del Colle"
"Riapertura Parco Archeologico di Monte Sannace","2021-02-22 00:00:00","Parco archeologico di Monte Sannace","Strada Provinciale 61 - Gioia del Colle - Turi Km 4,5 - Gioia del Colle","Gioia del Colle"
"Il paesaggio pugliese pugliese nelle collezioni della Pinacoteca Metropolitana di Bari: la consapevolezza di un'identit√†","2021-03-16 00:00:00","Museo e Pinacoteca d'Arte Medievale e Moderna della Citt√† Metropolitana di Bari ""Corrado Giaquinto""","Via Spalato, 19 - Bari","Bari"
"La visione ultraterrena di Dante: i personaggi storici del Castello di Bari nella Divina Commedia","2021-03-25 00:00:00","Castello svevo di Bari","piazza Federico II di Svevia - Bari","Bari"
"In occasione della ricorrenza dei 160 anni dell‚ÄôUnit√† d‚ÄôItalia la Pinacoteca Metropolitana ‚ÄúCorrado Giaquinto‚Äù di Bari propone un video sul dipinto di Gioacchino Toma","2021-04-19 00:00:00","Museo e Pinacoteca d'Arte Medievale e Moderna della Citt√† Metropolitana di Bari ""Corrado Giaquinto""","Via Spalato, 19 - Bari","Bari"
"Presentazione nuovi video in LIS","2021-04-21 00:00:00","Castello svevo di Bari","piazza Federico II di Svevia - Bari","Bari"
"Nuovo allestimento Collezione Grieco e  inaugurazione Sala del '900","2021-06-17 00:00:00","Museo e Pinacoteca d'Arte Medievale e Moderna della Citt√† Metropolitana di Bari ""Corrado Giaquinto""","Via Spalato, 19 - Bari","Bari"
"Un Museo da vivere: il racconto dell‚Äôantica Thuriae in Peucezia attraverso i materiali","2021-06-18 00:00:00","Museo archeologico nazionale e Castello di Gioia del Colle","piazza dei Martiri del 1799 - Gioia del Colle","Gioia del Colle"
"Fare Luce. Eventi Unici in Mostra ‚Äì Giornate dell‚ÄôArcheologia 2021","2021-06-19 00:00:00","Castello svevo di Bari","piazza Federico II di Svevia - Bari","Bari"
"Il Parco sotto le stelle: archeologia e astronomia a Monte Sannace","2021-06-20 00:00:00","Parco archeologico di Monte Sannace","Strada Provinciale 61 - Gioia del Colle - Turi Km 4,5 - Gioia del Colle","Gioia del Colle"
"100 anni milioni di colori: visioni laboratoriali ispirate alle opere di Lele Luzzati","2021-07-03 00:00:00","Galleria nazionale della Puglia ""Girolamo e Rosaria Devanna""","via Giandonato Rogadeo - Bitonto","Bitonto"
"Carmen Realoaded  Ayso  String Orchestra","2021-07-03 00:00:00","Castello svevo di Bari","piazza Federico II di Svevia - Bari","Bari"
"Il Volo di Federico","2021-07-03 00:00:00","Museo archeologico nazionale e Castello di Gioia del Colle","piazza dei Martiri del 1799 - Gioia del Colle","Gioia del Colle"
"Al Castello Svevo di Bari le ‚ÄúQuattro Stagioni‚Äù di A. Vivaldi- Ayso String Orchestra","2021-07-18 00:00:00","Castello svevo di Bari","piazza Federico II di Svevia - Bari","Bari"
"Al Castello Svevo di Bari Wind - Ayso Orchestra","2021-07-21 00:00:00","Castello svevo di Bari","piazza Federico II di Svevia - Bari","Bari"
"Al Castello Svevo di Bari String Revolution - Ayso Orchestra","2021-08-07 00:00:00","Castello svevo di Bari","piazza Federico II di Svevia - Bari","Bari"
"Ferragosto 2021 al Castello Svevo di Bari","2021-08-14 00:00:00","Castello svevo di Bari","piazza Federico II di Svevia - Bari","Bari"
"Ferragosto 2021 al Museo Archeologico Nazionale e Castello di Gioia del Colle","2021-08-14 00:00:00","Museo archeologico nazionale e Castello di Gioia del Colle","piazza dei Martiri del 1799 - Gioia del Colle","Gioia del Colle"
"Ferragosto 2021 al Parco Archeologico di Monte Sannace","2021-08-14 00:00:00","Parco archeologico di Monte Sannace","Strada Provinciale 61 - Gioia del Colle - Turi Km 4,5 - Gioia del Colle","Gioia del Colle"
"Ferragosto 2021 con visita libera alla sala del Novecento","2021-08-14 00:00:00","Galleria nazionale della Puglia ""Girolamo e Rosaria Devanna""","via Giandonato Rogadeo - Bitonto","Bitonto"
"Concerto Associazione Culturale ‚ÄúMisure Composte‚Äù","2021-09-25 00:00:00","Museo archeologico nazionale e Castello di Gioia del Colle","piazza dei Martiri del 1799 - Gioia del Colle","Gioia del Colle"
"L'Archivio si presenta. Mostra documentaria e visite guidate all'Istituto.","2021-09-25 00:00:00","Archivio di Stato di Bari","Via Pietro Oreste, 45 - Bari","Bari"
"The power of love. Afrodite e i suoi poteri sui vasi della Collezione Jatta ‚Äì Visita guidata a cura di Carmela Roscino ‚Äì docente di Archeologia Classica, Universit√† degli Studi di Bari ‚ÄúAldo Moro‚Äù","2021-09-25 00:00:00","Castello svevo di Bari","piazza Federico II di Svevia - Bari","Bari"
"Visita guidata a Monte Sannace","2021-09-25 00:00:00","Parco archeologico di Monte Sannace","Strada Provinciale 61 - Gioia del Colle - Turi Km 4,5 - Gioia del Colle","Gioia del Colle"
"Visita guidata serale in Galleria","2021-09-25 00:00:00","Galleria nazionale della Puglia ""Girolamo e Rosaria Devanna""","via Giandonato Rogadeo - Bitonto","Bitonto"
"‚ÄúDel mio mal superbo‚Äù. Cantata scenica in due parti - ‚ÄúFESTE A PALAZZO. Adriano Banchieri: Festino nella sera del Gioved√¨ Grasso avanti cena‚Äù","2021-09-25 00:00:00","Castello svevo di Bari","piazza Federico II di Svevia - Bari","Bari"
"Il Volo di Federico. Presentazione installazione Paolo Gep Cucco","2021-09-26 00:00:00","Museo archeologico nazionale e Castello di Gioia del Colle","piazza dei Martiri del 1799 - Gioia del Colle","Gioia del Colle"
"Monte Sannace apertura straordinaria","2021-09-26 00:00:00","Parco archeologico di Monte Sannace","Strada Provinciale 61 - Gioia del Colle - Turi Km 4,5 - Gioia del Colle","Gioia del Colle"
"Visita guidata in Galleria- GEP 2021","2021-09-26 00:00:00","Galleria nazionale della Puglia ""Girolamo e Rosaria Devanna""","via Giandonato Rogadeo - Bitonto","Bitonto"
"Le donne nelle fotografie di Michele Ficarelli e fra le carte d'Archivio. Il lavoro, la politica e gli affetti.","2021-10-10 00:00:00","Archivio di Stato di Bari","Via Pietro Oreste, 45 - Bari","Bari"
"La MAD ‚Äì Mostra A Distanza ‚ÄúVasi Mitici. Gli eroi del Museo Nazionale Jatta‚Äù gira l‚ÄôItalia","2021-10-27 00:00:00","Museo nazionale Jatta","piazza G. Bovio - Ruvo di Puglia","Ruvo di Puglia"
"Side by side. Giovani artisti cinesi delle Accademie di Belle Arti in Italia","2021-11-12 00:00:00","Castello svevo di Bari","piazza Federico II di Svevia - Bari","Bari"
"La sostenibilit√† nel restauro: stato dell‚Äôarte, applicazioni e prospettive future. Il Restauro Sostenibile, ENEA-PROGETTO ES-PA","2021-12-10 00:00:00","Castello svevo di Bari","piazza Federico II di Svevia - Bari","Bari"
"Apertura straordinaria serale e XIII edizione del Meeting del Volontariato","2021-12-11 00:00:00","Castello svevo di Bari","piazza Federico II di Svevia - Bari","Bari"
"Apertura straordinaria del Parco Archeologico di Monte Sannace","2021-12-12 00:00:00","Parco archeologico di Monte Sannace","Strada Provinciale 61 - Gioia del Colle - Turi Km 4,5 - Gioia del Colle","Gioia del Colle"
"Il ricordo di una Giudecca: itinerario ebraico in Puglia","2022-01-27 00:00:00","Castello svevo di Bari","piazza Federico II di Svevia - Bari","Bari"
"Orme di anime inquiete","2022-03-05 00:00:00","Museo e Pinacoteca d'Arte Medievale e Moderna della Citt√† Metropolitana di Bari ""Corrado Giaquinto""","Via Spalato, 19 - Bari","Bari"
"Le donne e l'arte nella Galleria Nazionale della Puglia","2022-03-08 00:00:00","Galleria nazionale della Puglia ""Girolamo e Rosaria Devanna""","via Giandonato Rogadeo - Bitonto","Bitonto"
"Giornata Nazionale del Paesaggio 2022","2022-03-14 00:00:00","Dolmen di San Silvestro","Strada Provinciale 107 - Giovinazzo","Giovinazzo"
"Aurelio Amendola | Un‚Äôantologia. Michelangelo, Burri, Warhol e gli altri","2022-04-08 00:00:00","Castello svevo di Bari","piazza Federico II di Svevia - Bari","Bari"
"Apertura Palazzo Simi","2022-04-17 00:00:00","Palazzo Simi - Centro operativo per l'Archeologia","Strada Lamberti - Bari","Bari"
"Pasqua 2022 al Castello svevo di Bari","2022-04-17 00:00:00","Castello svevo di Bari","piazza Federico II di Svevia - Bari","Bari"
"Pasqua 2022 al Museo archeologico nazionale e Castello di Gioia del Colle","2022-04-17 00:00:00","Museo archeologico nazionale e Castello di Gioia del Colle","piazza dei Martiri del 1799 - Gioia del Colle","Gioia del Colle"
"Pasqua 2022 al Parco archeologico di Monte Sannace","2022-04-17 00:00:00","Parco archeologico di Monte Sannace","Strada Provinciale 61 - Gioia del Colle - Turi Km 4,5 - Gioia del Colle","Gioia del Colle"
"Pasqua 2022 alla Galleria Nazionale della Puglia ""Devanna"" di Bitonto","2022-04-17 00:00:00","Galleria nazionale della Puglia ""Girolamo e Rosaria Devanna""","via Giandonato Rogadeo - Bitonto","Bitonto"
"Apertura Palazzo Simi","2022-04-18 00:00:00","Palazzo Simi - Centro operativo per l'Archeologia","Strada Lamberti - Bari","Bari"
"Pasquetta 2022 al Castello Svevo di Bari","2022-04-18 00:00:00","Castello svevo di Bari","piazza Federico II di Svevia - Bari","Bari"
"Pasquetta 2022 al Museo archeologico nazionale e Castello di Gioia del Colle","2022-04-18 00:00:00","Museo archeologico nazionale e Castello di Gioia del Colle","piazza dei Martiri del 1799 - Gioia del Colle","Gioia del Colle"
"Pasquetta al Parco archeologico di Monte Sannace","2022-04-18 00:00:00","Parco archeologico di Monte Sannace","Strada Provinciale 61 - Gioia del Colle - Turi Km 4,5 - Gioia del Colle","Gioia del Colle"
"25 Aprile 2022 al Castello Svevo di Bari","2022-04-25 00:00:00","Castello svevo di Bari","piazza Federico II di Svevia - Bari","Bari"
"25 Aprile 2022 al Parco archeologico di Monte Sannace","2022-04-25 00:00:00","Parco archeologico di Monte Sannace","Strada Provinciale 61 - Gioia del Colle - Turi Km 4,5 - Gioia del Colle","Gioia del Colle"
"25 Aprile 2022 alla Galleria Nazionale della Puglia ""Devanna"" di Bitonto","2022-04-25 00:00:00","Galleria nazionale della Puglia ""Girolamo e Rosaria Devanna""","via Giandonato Rogadeo - Bitonto","Bitonto"
"Apertura Palazzo Simi","2022-04-25 00:00:00","Palazzo Simi - Centro operativo per l'Archeologia","Strada Lamberti - Bari","Bari"
"I tesori della Puglia in ""P√®lagos"", la video-opera dell'artista spagnolo Sam3","2022-05-14 00:00:00","Castello svevo di Bari","piazza Federico II di Svevia - Bari","Bari"
"Notte Europea dei Musei 2022 - Il 14 Maggio l'arte...non dorme","2022-05-14 00:00:00","Museo DIOCESANO di Monopoli","Ex Seminario Vescovile, Via Cattedrale - Monopoli","Monopoli"
"Underground - Racconti ed esperienze di archeologia","2022-05-14 00:00:00","Palazzo Simi - Centro operativo per l'Archeologia","Strada Lamberti - Bari","Bari"
"Patrimoni Restituiti - Tra tutela e conoscenza condivisa","2022-06-17 00:00:00","Palazzo Simi - Centro operativo per l'Archeologia","Strada Lamberti - Bari","Bari"
"Archeologia in cantiere","2022-06-19 00:00:00","Palazzo Simi - Centro operativo per l'Archeologia","Strada Lamberti - Bari","Bari"
"GEA 2022 - Le ultime scoperte archeologiche a Monte Sannace: dallo scavo all‚Äôedizione","2022-06-19 00:00:00","Parco archeologico di Monte Sannace","Strada Provinciale 61 - Gioia del Colle - Turi Km 4,5 - Gioia del Colle","Gioia del Colle"
"ùóúùóü ùó£ùóîùó¶ùóßùó¢ùó• ùóôùóúùóóùó¢ ùó±ùó∂ ùóñùóõùóòÃÄùóóùóòùó©ùóúùóüùóüùóò - ùóñùóøùóºùóªùóÆùó∞ùóÆ ùó∫ùòÇùòÄùó∂ùó∞ùóÆùóπùó≤ ùó±ùó∂ ùòÇùóª ùó≥ùóÆùóπùòÄùóº ùó∂ùóπùóπùòÇùòÄùòÅùóøùó≤","2022-07-23 00:00:00","Galleria nazionale della Puglia ""Girolamo e Rosaria Devanna""","via Giandonato Rogadeo - Bitonto","Bitonto"
"Domenica 14 agosto 2022 al Castello Svevo di Bari","2022-08-14 00:00:00","Castello svevo di Bari","piazza Federico II di Svevia - Bari","Bari"
"Ferragosto 2022 nel Grottone del Museo nazionale Jatta di Ruvo di Puglia","2022-08-14 00:00:00","Museo nazionale Jatta","piazza G. Bovio - Ruvo di Puglia","Ruvo di Puglia"
"Ferragosto 2022 al Castello Svevo di Bari","2022-08-15 00:00:00","Castello svevo di Bari","piazza Federico II di Svevia - Bari","Bari"
"Ferragosto 2022 al Parco Archeologico di Monte Sannace","2022-08-15 00:00:00","Parco archeologico di Monte Sannace","Strada Provinciale 61 - Gioia del Colle - Turi Km 4,5 - Gioia del Colle","Gioia del Colle"
"Phototrace 2022","2022-09-17 00:00:00","Complesso di Santa Chiara e San Francesco della Scarpa","Via Pier L'Eremita - Bari","Bari"
"""L‚Äôevoluzione del paesaggio urbano di Bari attraverso i piani regolatori della citt√†"". Rassegna documentaria e visita guidata all'Archivio di Stato di Bari.","2022-09-24 00:00:00","Archivio di Stato di Bari","Via Pietro Oreste, 45 - Bari","Bari"
"Attori - Esperienze archeologiche in terra di Bari","2022-09-24 00:00:00","Palazzo Simi - Centro operativo per l'Archeologia","Strada Lamberti - Bari","Bari"
"GEP 2022 -  ‚ÄúRicalchiamo la storia‚Äù ‚Äì  Presentazione e ricollocazione in situ del primo calco di un peucezio realizzato a Monte Sannace","2022-09-24 00:00:00","Parco archeologico di Monte Sannace","Strada Provinciale 61 - Gioia del Colle - Turi Km 4,5 - Gioia del Colle","Gioia del Colle"
"GEP 2022 - Sulle tracce della madre di Bari","2022-09-24 00:00:00","Castello di Ceglie del Campo","Piazza Castello, 5 - Bari","Bari"
"GEP 2022 - Una notte al Museo","2022-09-24 00:00:00","Museo archeologico nazionale e Castello di Gioia del Colle","piazza dei Martiri del 1799 - Gioia del Colle","Gioia del Colle"
"GEP 2022 - Visite guidate alla Galleria Nazionale della Puglia ""Devanna""","2022-09-24 00:00:00","Galleria nazionale della Puglia ""Girolamo e Rosaria Devanna""","via Giandonato Rogadeo - Bitonto","Bitonto"
"GEP 2022 - Visite guidate in Galleria. Il Palazzo e la Collezione.","2022-09-24 00:00:00","Galleria nazionale della Puglia ""Girolamo e Rosaria Devanna""","via Giandonato Rogadeo - Bitonto","Bitonto"
"GEP 2022 Visita guidata a tema alla mostra ‚ÄúCollezionauta. Capolavori attraverso il tempo‚Äù","2022-09-24 00:00:00","Museo nazionale Jatta","piazza G. Bovio - Ruvo di Puglia","Ruvo di Puglia"
"GEP 2022 al Castello Svevo di Bari","2022-09-24 00:00:00","Castello svevo di Bari","piazza Federico II di Svevia - Bari","Bari"
"GEP 2022 al Parco Archeologico di Monte Sannace","2022-09-24 00:00:00","Parco archeologico di Monte Sannace","Strada Provinciale 61 - Gioia del Colle - Turi Km 4,5 - Gioia del Colle","Gioia del Colle"
"GEP 2022  Apertura straordinaria con visita guidata a tema alla mostra ‚ÄúCollezionauta. Capolavori attraverso il tempo‚Äù","2022-09-25 00:00:00","Museo nazionale Jatta","piazza G. Bovio - Ruvo di Puglia","Ruvo di Puglia"
"GEP 2022 - Visite guidate nella Galleria Devanna. Il Palazzo e la Collezione.","2022-09-25 00:00:00","Galleria nazionale della Puglia ""Girolamo e Rosaria Devanna""","via Giandonato Rogadeo - Bitonto","Bitonto"
"GEP 2022- Una giornata al Castello","2022-09-25 00:00:00","Museo archeologico nazionale e Castello di Gioia del Colle","piazza dei Martiri del 1799 - Gioia del Colle","Gioia del Colle"
"Guglielmo Murari e la citt√† di Bari. Dalla fabbrica di carte da gioco alla Fondazione per i ‚Äúmaritaggi‚Äù.","2022-10-09 00:00:00","Archivio di Stato di Bari","Via Pietro Oreste, 45 - Bari","Bari"
"Tra segni e suoni: apertura straordinaria","2022-10-09 00:00:00","Biblioteca Nazionale  Sagarriga Visconti Volpi","Via Pietro Oreste - Bari","Bari"
"Viaggio nel libro Cuore di De Amicis","2022-10-22 00:00:00","Biblioteca Nazionale  Sagarriga Visconti Volpi","Via Pietro Oreste - Bari","Bari"
"‚ÄúUn mondo dentro il mondo‚Äù - Incontro in ricordo di Girolamo Devanna.","2022-11-06 00:00:00","Galleria nazionale della Puglia ""Girolamo e Rosaria Devanna""","via Giandonato Rogadeo - Bitonto","Bitonto"
"Antichi Popoli di Puglia. L'Archeologia racconta","2022-12-05 00:00:00","Castello svevo di Bari","piazza Federico II di Svevia - Bari","Bari"
"Apertura straordinaria del Castello Svevo di Bari","2022-12-26 00:00:00","Castello svevo di Bari","piazza Federico II di Svevia - Bari","Bari"
"Apertura straordinaria del Museo Nazionale Jatta","2022-12-26 00:00:00","Museo nazionale Jatta","piazza G. Bovio - Ruvo di Puglia","Ruvo di Puglia"
"Apertura straordinaria di Monte Sannace","2022-12-26 00:00:00","Parco archeologico di Monte Sannace","Strada Provinciale 61 - Gioia del Colle - Turi Km 4,5 - Gioia del Colle","Gioia del Colle"
"Apertura straordinaria della Galleria Nazionale ""Devanna""","2022-12-26 00:00:00","Galleria nazionale della Puglia ""Girolamo e Rosaria Devanna""","via Giandonato Rogadeo - Bitonto","Bitonto"
"Apertura del Castello e Museo Archeologico di Gioia del Colle","2023-01-02 00:00:00","Museo archeologico nazionale e Castello di Gioia del Colle","piazza dei Martiri del 1799 - Gioia del Colle","Gioia del Colle"
"Apertura della Galleria Nazionale della Puglia ""Devanna""","2023-01-02 00:00:00","Galleria nazionale della Puglia ""Girolamo e Rosaria Devanna""","via Giandonato Rogadeo - Bitonto","Bitonto"
"Apertura straordinaria del Parco Archeologico di Monte Sannace","2023-01-02 00:00:00","Parco archeologico di Monte Sannace","Strada Provinciale 61 - Gioia del Colle - Turi Km 4,5 - Gioia del Colle","Gioia del Colle"
"Apertura straordinaria del Castello Svevo di Bari","2023-01-02 00:00:00","Castello svevo di Bari","piazza Federico II di Svevia - Bari","Bari"
"Apertura straordinaria della mostra ""Collezionauta"" a Palazzo Jatta","2023-01-02 00:00:00","Museo nazionale Jatta","piazza G. Bovio - Ruvo di Puglia","Ruvo di Puglia"
"Visite guidate alla mostra ""Antichi Popoli di Puglia. L'archeologia racconta"" a cura del personale del Castello Svevo di Bari","2023-03-08 00:00:00","Castello svevo di Bari","piazza Federico II di Svevia - Bari","Bari"
"Il paesaggio pugliese nella sala del ‚Äò900","2023-03-14 00:00:00","Museo e Pinacoteca d'Arte Medievale e Moderna della Citt√† Metropolitana di Bari ""Corrado Giaquinto""","Via Spalato, 19 - Bari","Bari"
"Mare nostrum - Mostra fotografica sul paesaggio pugliese","2023-03-14 00:00:00","Castello svevo di Bari","piazza Federico II di Svevia - Bari","Bari"
"Apertura straordinaria Palazzo Simi","2023-04-09 00:00:00","Palazzo Simi - Centro operativo per l'Archeologia","Strada Lamberti - Bari","Bari"
"Pasqua 2022 al Museo archeologico nazionale e Castello di Gioia del Colle_Copia","2023-04-09 00:00:00","Museo archeologico nazionale e Castello di Gioia del Colle","piazza dei Martiri del 1799 - Gioia del Colle","Gioia del Colle"
"Pasqua 2022 al Parco archeologico di Monte Sannace_Copia","2023-04-09 00:00:00","Parco archeologico di Monte Sannace","Strada Provinciale 61 - Gioia del Colle - Turi Km 4,5 - Gioia del Colle","Gioia del Colle"
"Pasqua 2022 alla Galleria Nazionale della Puglia ""Devanna"" di Bitonto_Copia","2023-04-09 00:00:00","Galleria nazionale della Puglia ""Girolamo e Rosaria Devanna""","via Giandonato Rogadeo - Bitonto","Bitonto"
"Pasqua 2023 al Museo Nazionale Jatta di Ruvo di Puglia","2023-04-09 00:00:00","Museo nazionale Jatta","piazza G. Bovio - Ruvo di Puglia","Ruvo di Puglia"
"Pasquetta 2022 al Castello Svevo di Bari_Copia_Copia","2023-04-09 00:00:00","Castello svevo di Bari","piazza Federico II di Svevia - Bari","Bari"
"Apertura straordinaria Palazzo Simi_Copia","2023-04-10 00:00:00","Palazzo Simi - Centro operativo per l'Archeologia","Strada Lamberti - Bari","Bari"
"Pasqua 2022 alla Galleria Nazionale della Puglia ""Devanna"" di Bitonto_Copia_Copia","2023-04-10 00:00:00","Galleria nazionale della Puglia ""Girolamo e Rosaria Devanna""","via Giandonato Rogadeo - Bitonto","Bitonto"
"Pasquetta 2022 al Castello Svevo di Bari_Copia","2023-04-10 00:00:00","Castello svevo di Bari","piazza Federico II di Svevia - Bari","Bari"
"Pasquetta 2022 al Museo archeologico nazionale e Castello di Gioia del Colle_Copia","2023-04-10 00:00:00","Museo archeologico nazionale e Castello di Gioia del Colle","piazza dei Martiri del 1799 - Gioia del Colle","Gioia del Colle"
"Pasquetta al Parco archeologico di Monte Sannace_Copia","2023-04-10 00:00:00","Parco archeologico di Monte Sannace","Strada Provinciale 61 - Gioia del Colle - Turi Km 4,5 - Gioia del Colle","Gioia del Colle"
"Antichi Popoli di Puglia. L'Archeologia racconta. Giornate di studi","2023-04-18 00:00:00","Castello svevo di Bari","piazza Federico II di Svevia - Bari","Bari"
"Pasqua 2023 al Museo Nazionale Jatta di Ruvo di Puglia_Copia","2023-04-24 00:00:00","Museo nazionale Jatta","piazza G. Bovio - Ruvo di Puglia","Ruvo di Puglia"
"25 Aprile 2023 al Castello Svevo di Bari","2023-04-25 00:00:00","Castello svevo di Bari","piazza Federico II di Svevia - Bari","Bari"
"Apertura straordinaria Palazzo Simi_Copia_Copia","2023-04-25 00:00:00","Palazzo Simi - Centro operativo per l'Archeologia","Strada Lamberti - Bari","Bari"
"Pasqua 2022 alla Galleria Nazionale della Puglia ""Devanna"" di Bitonto_Copia_Copia_Copia","2023-04-25 00:00:00","Galleria nazionale della Puglia ""Girolamo e Rosaria Devanna""","via Giandonato Rogadeo - Bitonto","Bitonto"
"Pasquetta al Parco archeologico di Monte Sannace_Copia_Copia","2023-04-25 00:00:00","Parco archeologico di Monte Sannace","Strada Provinciale 61 - Gioia del Colle - Turi Km 4,5 - Gioia del Colle","Gioia del Colle"
"Apertura straordinaria Palazzo Simi_Copia_Copia_Copia","2023-05-01 00:00:00","Palazzo Simi - Centro operativo per l'Archeologia","Strada Lamberti - Bari","Bari"
"Ferragosto 2022 nel Grottone del Museo nazionale Jatta di Ruvo di Puglia_Copia","2023-05-01 00:00:00","Museo nazionale Jatta","piazza G. Bovio - Ruvo di Puglia","Ruvo di Puglia"
"Pasqua 2022 alla Galleria Nazionale della Puglia ""Devanna"" di Bitonto_Copia_Copia_Copia","2023-05-01 00:00:00","Galleria nazionale della Puglia ""Girolamo e Rosaria Devanna""","via Giandonato Rogadeo - Bitonto","Bitonto"
"Pasquetta 2022 al Castello Svevo di Bari_Copia_Copia","2023-05-01 00:00:00","Castello svevo di Bari","piazza Federico II di Svevia - Bari","Bari"
"Pasquetta 2022 al Museo archeologico nazionale e Castello di Gioia del Colle_Copia_Copia","2023-05-01 00:00:00","Museo archeologico nazionale e Castello di Gioia del Colle","piazza dei Martiri del 1799 - Gioia del Colle","Gioia del Colle"
"Pasquetta al Parco archeologico di Monte Sannace_Copia_Copia","2023-05-01 00:00:00","Parco archeologico di Monte Sannace","Strada Provinciale 61 - Gioia del Colle - Turi Km 4,5 - Gioia del Colle","Gioia del Colle"
"Archeolab - Reperti archelogici dal materiale al digitale_Copia","2023-05-13 00:00:00","Palazzo Simi - Centro operativo per l'Archeologia","Strada Lamberti - Bari","Bari"
"Pasqua 2022 alla Galleria Nazionale della Puglia ""Devanna"" di Bitonto_Copia_Copia_Copia_Copia","2023-05-13 00:00:00","Galleria nazionale della Puglia ""Girolamo e Rosaria Devanna""","via Giandonato Rogadeo - Bitonto","Bitonto"
"Pasqua 2023 al Museo Nazionale Jatta di Ruvo di Puglia_Copia","2023-05-13 00:00:00","Museo nazionale Jatta","piazza G. Bovio - Ruvo di Puglia","Ruvo di Puglia"
"Pasquetta 2022 al Castello Svevo di Bari_Copia_Copia_Copia","2023-05-13 00:00:00","Castello svevo di Bari","piazza Federico II di Svevia - Bari","Bari"
"Pasquetta 2022 al Museo archeologico nazionale e Castello di Gioia del Colle_Copia","2023-05-13 00:00:00","Museo archeologico nazionale e Castello di Gioia del Colle","piazza dei Martiri del 1799 - Gioia del Colle","Gioia del Colle"
"Pasquetta al Parco archeologico di Monte Sannace_Copia_Copia","2023-05-13 00:00:00","Parco archeologico di Monte Sannace","Strada Provinciale 61 - Gioia del Colle - Turi Km 4,5 - Gioia del Colle","Gioia del Colle"
"Pasquetta al Parco archeologico di Monte Sannace_Copia_Copia_Copia","2023-05-17 00:00:00","Parco archeologico di Monte Sannace","Strada Provinciale 61 - Gioia del Colle - Turi Km 4,5 - Gioia del Colle","Gioia del Colle"
"25 Aprile 2023 al Castello Svevo di Bari_Copia","2023-06-02 00:00:00","Castello svevo di Bari","piazza Federico II di Svevia - Bari","Bari"
"Pasqua 2022 alla Galleria Nazionale della Puglia ""Devanna"" di Bitonto_Copia_Copia_Copia_Copia","2023-06-02 00:00:00","Galleria nazionale della Puglia ""Girolamo e Rosaria Devanna""","via Giandonato Rogadeo - Bitonto","Bitonto"
"Pasqua 2023 al Museo Nazionale Jatta di Ruvo di Puglia_Copia_Copia","2023-06-02 00:00:00","Museo nazionale Jatta","piazza G. Bovio - Ruvo di Puglia","Ruvo di Puglia"
"Pasquetta 2022 al Museo archeologico nazionale e Castello di Gioia del Colle_Copia_Copia","2023-06-02 00:00:00","Museo archeologico nazionale e Castello di Gioia del Colle","piazza dei Martiri del 1799 - Gioia del Colle","Gioia del Colle"
"Pasquetta al Parco archeologico di Monte Sannace_Copia_Copia_Copia","2023-06-02 00:00:00","Parco archeologico di Monte Sannace","Strada Provinciale 61 - Gioia del Colle - Turi Km 4,5 - Gioia del Colle","Gioia del Colle"
"GEA 2023 al Castello Svevo di Bari","2023-06-16 00:00:00","Castello svevo di Bari","piazza Federico II di Svevia - Bari","Bari"
"GEA al parco archeologico di Monte Sannace","2023-06-16 00:00:00","Parco archeologico di Monte Sannace","Strada Provinciale 61 - Gioia del Colle - Turi Km 4,5 - Gioia del Colle","Gioia del Colle"
"Pasquetta 2022 al Museo archeologico nazionale e Castello di Gioia del Colle_Copia_Copia","2023-06-16 00:00:00","Museo archeologico nazionale e Castello di Gioia del Colle","piazza dei Martiri del 1799 - Gioia del Colle","Gioia del Colle"
"ùóïùóîùó•ùóúùó®ùó† ùó©ùó∂ùóÆ ùóîùóøùó¥ùó∂ùóøùóº ùó≤ ùòÉùó∂ùóÆ ùó†ùó≤ùóπùóº ùòÅùóøùóÆ ùóøùó∂ùòÄùó∞ùóºùóΩùó≤ùóøùòÅùóÆ ùó≤ ùó∫ùòÇùóπùòÅùó∂ùó±ùó∂ùòÄùó∞ùó∂ùóΩùóπùó∂ùóªùóÆùóøùó∂ùó≤ùòÅùóÆÃÄ_Copia","2023-06-16 00:00:00","Palazzo Simi - Centro operativo per l'Archeologia","Strada Lamberti - Bari","Bari"
"Apertura straordinaria al Parco Archeologico di Monte Sannace","2023-06-17 00:00:00","Parco archeologico di Monte Sannace","Strada Provinciale 61 - Gioia del Colle - Turi Km 4,5 - Gioia del Colle","Gioia del Colle"
"Visite guidate al Parco Archeologico di Monte Sannace","2023-06-18 00:00:00","Parco archeologico di Monte Sannace","Strada Provinciale 61 - Gioia del Colle - Turi Km 4,5 - Gioia del Colle","Gioia del Colle"
"ùóïùóîùó•ùóúùó®ùó† ùó©ùó∂ùóÆ ùóîùóøùó¥ùó∂ùóøùóº ùó≤ ùòÉùó∂ùóÆ ùó†ùó≤ùóπùóº ùòÅùóøùóÆ ùóøùó∂ùòÄùó∞ùóºùóΩùó≤ùóøùòÅùóÆ ùó≤ ùó∫ùòÇùóπùòÅùó∂ùó±ùó∂ùòÄùó∞ùó∂ùóΩùóπùó∂ùóªùóÆùóøùó∂ùó≤ùòÅùóÆÃÄ","2023-06-18 00:00:00","Palazzo Simi - Centro operativo per l'Archeologia","Strada Lamberti - Bari","Bari"
"Vivi la Vita! - La Festa della Musica nella Cittadella della Cultura di Bari","2023-06-21 00:00:00","Archivio di Stato di Bari","Via Pietro Oreste, 45 - Bari","Bari"
"Con lo sguardo al cielo. Laboratorio di astronomia, visite guidate and more‚Ä¶","2023-08-12 00:00:00","Parco archeologico di Monte Sannace","Strada Provinciale 61 - Gioia del Colle - Turi Km 4,5 - Gioia del Colle","Gioia del Colle"
"Ferragosto 2023 al Castello Svevo di Bari","2023-08-14 00:00:00","Castello svevo di Bari","piazza Federico II di Svevia - Bari","Bari"
"Ferragosto 2023 al Museo Nazionale Jatta di Ruvo di Puglia","2023-08-14 00:00:00","Museo nazionale Jatta","piazza G. Bovio - Ruvo di Puglia","Ruvo di Puglia"
"Ferragosto 2023 al Museo Archeologico Nazionale e Castello di Gioia del Colle","2023-08-14 00:00:00","Museo archeologico nazionale e Castello di Gioia del Colle","piazza dei Martiri del 1799 - Gioia del Colle","Gioia del Colle"
"Ferragosto 2023 alla Galleria Nazionale della Puglia ""Devanna"" di Bitonto_Copia","2023-08-14 00:00:00","Galleria nazionale della Puglia ""Girolamo e Rosaria Devanna""","via Giandonato Rogadeo - Bitonto","Bitonto"
"Vigilia di ferragosto al parco Archeologico di Monte Sannace","2023-08-14 00:00:00","Parco archeologico di Monte Sannace","Strada Provinciale 61 - Gioia del Colle - Turi Km 4,5 - Gioia del Colle","Gioia del Colle"
"Ferragosto 2023 alla Galleria Nazionale della Puglia ""Devanna"" di Bitonto","2023-08-15 00:00:00","Galleria nazionale della Puglia ""Girolamo e Rosaria Devanna""","via Giandonato Rogadeo - Bitonto","Bitonto"
"Ferragosto al Parco Archeologico di Monte Sannace","2023-08-15 00:00:00","Parco archeologico di Monte Sannace","Strada Provinciale 61 - Gioia del Colle - Turi Km 4,5 - Gioia del Colle","Gioia del Colle"
"Ferragosto 2023 al Museo Archeologico Nazionale e Castello di Gioia del Colle_Copia","2023-09-23 00:00:00","Museo archeologico nazionale e Castello di Gioia del Colle","piazza dei Martiri del 1799 - Gioia del Colle","Gioia del Colle"
"Ferragosto 2023 al Museo Nazionale Jatta di Ruvo di Puglia_Copia","2023-09-23 00:00:00","Museo nazionale Jatta","piazza G. Bovio - Ruvo di Puglia","Ruvo di Puglia"
"Ferragosto 2023 al Museo Archeologico Nazionale e Castello di Gioia del Colle_Copia_Copia","2023-09-23 00:00:00","Museo archeologico nazionale e Castello di Gioia del Colle","piazza dei Martiri del 1799 - Gioia del Colle","Gioia del Colle"
"Ferragosto 2023 al Museo Nazionale Jatta di Ruvo di Puglia_Copia_Copia","2023-09-23 00:00:00","Museo nazionale Jatta","piazza G. Bovio - Ruvo di Puglia","Ruvo di Puglia"
"Ferragosto 2023 alla Galleria Nazionale della Puglia ""Devanna"" di Bitonto_Copia","2023-09-23 00:00:00","Galleria nazionale della Puglia ""Girolamo e Rosaria Devanna""","via Giandonato Rogadeo - Bitonto","Bitonto"
"Ferragosto 2023 alla Galleria Nazionale della Puglia ""Devanna"" di Bitonto_Copia","2023-09-23 00:00:00","Galleria nazionale della Puglia ""Girolamo e Rosaria Devanna""","via Giandonato Rogadeo - Bitonto","Bitonto"
"Ferragosto 2023 alla Galleria Nazionale della Puglia ""Devanna"" di Bitonto_Copia_Copia","2023-09-23 00:00:00","Galleria nazionale della Puglia ""Girolamo e Rosaria Devanna""","via Giandonato Rogadeo - Bitonto","Bitonto"
"GEP 2023 - Patrimonio InVita - I segni della fede viva","2023-09-23 00:00:00","Museo DIOCESANO di Monopoli","Ex Seminario Vescovile, Via Cattedrale - Monopoli","Monopoli"
"GEP 2023 al Castello svevo di Bari","2023-09-23 00:00:00","Castello svevo di Bari","piazza Federico II di Svevia - Bari","Bari"
"GEP 2023 ‚Äì Apertura serale del Castello Svevo di Bari","2023-09-23 00:00:00","Castello svevo di Bari","piazza Federico II di Svevia - Bari","Bari"
"Gep 2023 A MONTE SANNACE","2023-09-23 00:00:00","Parco archeologico di Monte Sannace","Strada Provinciale 61 - Gioia del Colle - Turi Km 4,5 - Gioia del Colle","Gioia del Colle"
"Gep 2023 A MONTE SANNACE_Copia","2023-09-23 00:00:00","Parco archeologico di Monte Sannace","Strada Provinciale 61 - Gioia del Colle - Turi Km 4,5 - Gioia del Colle","Gioia del Colle"
"Giornata Nazionale del Paesaggio 2022_Copia","2023-09-23 00:00:00","Dolmen di San Silvestro","Strada Provinciale 107 - Giovinazzo","Giovinazzo"
"Giornate europee del patrimonio 2023","2023-09-23 00:00:00","Archivio di Stato di Bari","via Pietro Oreste, 45 - Bari","Bari"
"Gep 2023 A MONTE SANNACE_Copia_Copia","2023-09-24 00:00:00","Parco archeologico di Monte Sannace","Strada Provinciale 61 - Gioia del Colle - Turi Km 4,5 - Gioia del Colle","Gioia del Colle"
"Domenica di carta 2023","2023-10-08 00:00:00","Biblioteca Nazionale  Sagarriga Visconti Volpi","Via Pietro Oreste - Bari","Bari"
"Domenica di carta 2023 - Il filo nascosto. La tradizione tessile come fonte di arricchimento","2023-10-08 00:00:00","Archivio di Stato di Bari","Via Pietro Oreste, 45 - Bari","Bari"
"Domenica di carta 2023 - Archivio di Stato di Bari - Il filo nascosto. La tradizione tessile come fonte di arricchimento","2023-10-08 00:00:00","Archivio di Stato di Bari","Via Pietro Oreste, 45 - Bari","Bari"
"Monte Sannace - Con i Peucezi alla scoperta di Thuriae","2023-10-08 00:00:00","Parco archeologico di Monte Sannace","Strada Provinciale 61 - Gioia del Colle - Turi Km 4,5 - Gioia del Colle","Gioia del Colle"
"GEP 2023 al Castello svevo di Bari_Copia","2023-11-04 00:00:00","Castello svevo di Bari","piazza Federico II di Svevia - Bari","Bari"
"Gep 2023 A MONTE SANNACE_Copia_Copia","2023-11-04 00:00:00","Parco archeologico di Monte Sannace","Strada Provinciale 61 - Gioia del Colle - Turi Km 4,5 - Gioia del Colle","Gioia del Colle"
"Pasqua 2022 alla Galleria Nazionale della Puglia ""Devanna"" di Bitonto_Copia_Copia_Copia_Copia_Copia","2023-11-04 00:00:00","Galleria nazionale della Puglia ""Girolamo e Rosaria Devanna""","via Giandonato Rogadeo - Bitonto","Bitonto"
"Pasqua 2023 al Museo Nazionale Jatta di Ruvo di Puglia_Copia_Copia_Copia","2023-11-04 00:00:00","Museo nazionale Jatta","piazza G. Bovio - Ruvo di Puglia","Ruvo di Puglia"
"Pasquetta 2022 al Museo archeologico nazionale e Castello di Gioia del Colle_Copia_Copia_Copia","2023-11-04 00:00:00","Museo archeologico nazionale e Castello di Gioia del Colle","piazza dei Martiri del 1799 - Gioia del Colle","Gioia del Colle"
"Festivit√† 25-31 dicembre 2023 al Castello Svevo di Bari","2023-12-25 00:00:00","Castello svevo di Bari","piazza Federico II di Svevia - Bari","Bari"
"Pasqua 2022 alla Galleria Nazionale della Puglia ""Devanna"" di Bitonto_Copia_Copia_Copia_Copia_Copia_Copia","2023-12-26 00:00:00","Galleria nazionale della Puglia ""Girolamo e Rosaria Devanna""","via Giandonato Rogadeo - Bitonto","Bitonto"
"Festivit√† 1-6 gennaio 2024 alla Galleria Devanna di Bitonto","2024-01-01 00:00:00","Galleria nazionale della Puglia ""Girolamo e Rosaria Devanna""","via Giandonato Rogadeo - Bitonto","Bitonto"
"Festivit√† 1-6 gennaio 2024 al Museo Nazionale Jatta di Ruvo","2024-01-01 00:00:00","Museo nazionale Jatta","piazza G. Bovio - Ruvo di Puglia","Ruvo di Puglia"
"Festivit√† 25-31 dicembre 2023 al Castello Svevo di Bari_Copia","2024-01-01 00:00:00","Castello svevo di Bari","piazza Federico II di Svevia - Bari","Bari"
"Gep 2023 A MONTE SANNACE_Copia_Copia_Copia","2024-01-01 00:00:00","Parco archeologico di Monte Sannace","Strada Provinciale 61 - Gioia del Colle - Turi Km 4,5 - Gioia del Colle","Gioia del Colle"
"Pasquetta 2022 al Museo archeologico nazionale e Castello di Gioia del Colle_Copia_Copia_Copia_Copia","2024-01-01 00:00:00","Museo archeologico nazionale e Castello di Gioia del Colle","piazza dei Martiri del 1799 - Gioia del Colle","Gioia del Colle"
"Donne al potere. Isabella d‚ÄôAragona e Bona Sforza al Castello di Bari","2024-03-08 00:00:00","Castello svevo di Bari","piazza Federico II di Svevia - Bari","Bari"
"Trame di Peucezia","2024-03-08 00:00:00","Parco archeologico di Monte Sannace","Strada Provinciale 61 - Gioia del Colle - Turi Km 4,5 - Gioia del Colle","Gioia del Colle"
"Uno sguardo alla natura del Castello. I volatili del nostro territorio dal passato ad oggi","2024-03-14 00:00:00","Museo archeologico nazionale e Castello di Gioia del Colle","piazza dei Martiri del 1799 - Gioia del Colle","Gioia del Colle"
"‚ÄúIl paesaggio sotto i nostri piedi.‚Äù La geologia di Monte Sannace (e della Murgia) for dummies","2024-03-14 00:00:00","Parco archeologico di Monte Sannace","Strada Provinciale 61 - Gioia del Colle - Turi Km 4,5 - Gioia del Colle","Gioia del Colle"
"Donne al potere. Isabella d‚ÄôAragona e Bona Sforza al Castello di Bari_Copia","2024-03-31 00:00:00","Castello svevo di Bari","piazza Federico II di Svevia - Bari","Bari"
"Palazzo Simi","2024-03-31 00:00:00","Palazzo Simi - Centro operativo per l'Archeologia","Strada Lamberti - Bari","Bari"
"Pasqua 2024 al Museo Nazionale Jatta di Ruvo","2024-03-31 00:00:00","Museo nazionale Jatta","piazza G. Bovio - Ruvo di Puglia","Ruvo di Puglia"
"Pasqua 2024 alla Galleria Devanna di Bitonto","2024-03-31 00:00:00","Galleria nazionale della Puglia ""Girolamo e Rosaria Devanna""","via Giandonato Rogadeo - Bitonto","Bitonto"
"Uno sguardo alla natura del Castello. I volatili del nostro territorio dal passato ad oggi_Copia","2024-03-31 00:00:00","Museo archeologico nazionale e Castello di Gioia del Colle","piazza dei Martiri del 1799 - Gioia del Colle","Gioia del Colle"
"‚ÄúIl paesaggio sotto i nostri piedi.‚Äù La geologia di Monte Sannace (e della Murgia) for dummies_Copia","2024-03-31 00:00:00","Parco archeologico di Monte Sannace","Strada Provinciale 61 - Gioia del Colle - Turi Km 4,5 - Gioia del Colle","Gioia del Colle"
"Donne al potere. Isabella d‚ÄôAragona e Bona Sforza al Castello di Bari_Copia_Copia","2024-04-01 00:00:00","Castello svevo di Bari","piazza Federico II di Svevia - Bari","Bari"
"Pasquetta","2024-04-01 00:00:00","Palazzo Simi - Centro operativo per l'Archeologia","Strada Lamberti - Bari","Bari"
"Pasquetta 2024 al Museo Nazionale Jatta di Ruvo","2024-04-01 00:00:00","Museo nazionale Jatta","piazza G. Bovio - Ruvo di Puglia","Ruvo di Puglia"
"Pasquetta 2024 alla Galleria Devanna di Bitonto","2024-04-01 00:00:00","Galleria nazionale della Puglia ""Girolamo e Rosaria Devanna""","via Giandonato Rogadeo - Bitonto","Bitonto"
"Uno sguardo alla natura del Castello. I volatili del nostro territorio dal passato ad oggi_Copia_Copia","2024-04-01 00:00:00","Museo archeologico nazionale e Castello di Gioia del Colle","piazza dei Martiri del 1799 - Gioia del Colle","Gioia del Colle"
"‚ÄúIl paesaggio sotto i nostri piedi.‚Äù La geologia di Monte Sannace (e della Murgia) for dummies_Copia_Copia","2024-04-01 00:00:00","Parco archeologico di Monte Sannace","Strada Provinciale 61 - Gioia del Colle - Turi Km 4,5 - Gioia del Colle","Gioia del Colle"
"25 aprile al Muse archeologico nazionale e Castello di Gioia del Colle","2024-04-25 00:00:00","Museo archeologico nazionale e Castello di Gioia del Colle","piazza dei Martiri del 1799 - Gioia del Colle","Gioia del Colle"
"25 aprile alla Galleria Nazionale della Puglia ‚ÄúGirolamo e Rosaria Devanna‚Äù di Bitonto","2024-04-25 00:00:00","Museo diocesano di Bitonto (o Museo pinacoteca Mons. Aurelio Marena)","Via Ferrante Aporti - Bitonto","Bitonto"
"GEP 2023 al Castello svevo di Bari_Copia_Copia","2024-04-25 00:00:00","Castello svevo di Bari","piazza Federico II di Svevia - Bari","Bari"
"Pasqua 2023 al Museo Nazionale Jatta di Ruvo di Puglia_Copia_Copia_Copia_Copia","2024-04-25 00:00:00","Museo nazionale Jatta","piazza G. Bovio - Ruvo di Puglia","Ruvo di Puglia"
"‚ÄúIl paesaggio sotto i nostri piedi.‚Äù La geologia di Monte Sannace (e della Murgia) for dummies_Copia_Copia_Copia","2024-04-25 00:00:00","Parco archeologico di Monte Sannace","Strada Provinciale 61 - Gioia del Colle - Turi Km 4,5 - Gioia del Colle","Gioia del Colle"
"1 maggio 2024 alla Galleria Nazionale della Puglia ‚ÄúGirolamo e Rosaria Devanna‚Äù di Bitonto","2024-05-01 00:00:00","Galleria nazionale della Puglia ""Girolamo e Rosaria Devanna""","via Giandonato Rogadeo - Bitonto","Bitonto"
"Donne al potere. Isabella d‚ÄôAragona e Bona Sforza al Castello di Bari_Copia_Copia_Copia","2024-05-01 00:00:00","Castello svevo di Bari","piazza Federico II di Svevia - Bari","Bari"
"Il 1 maggio al Museo Archeologico Nazionale e Castello di Gioia del Colle","2024-05-01 00:00:00","Museo archeologico nazionale e Castello di Gioia del Colle","piazza dei Martiri del 1799 - Gioia del Colle","Gioia del Colle"
"Pasquetta 2024 al Museo Nazionale Jatta di Ruvo_Copia","2024-05-01 00:00:00","Museo nazionale Jatta","piazza G. Bovio - Ruvo di Puglia","Ruvo di Puglia"
"‚ÄúIl paesaggio sotto i nostri piedi.‚Äù La geologia di Monte Sannace (e della Murgia) for dummies_Copia_Copia_Copia","2024-05-01 00:00:00","Parco archeologico di Monte Sannace","Strada Provinciale 61 - Gioia del Colle - Turi Km 4,5 - Gioia del Colle","Gioia del Colle"
"DEI vs. EROI Laboratori didattici","2024-05-18 00:00:00","Palazzo Simi - Centro operativo per l'Archeologia","Strada Lamberti - Bari","Bari"
"‚ÄúIl paesaggio sotto i nostri piedi.‚Äù La geologia di Monte Sannace (e della Murgia) for dummies_Copia_Copia_Copia_Copia","2024-05-18 00:00:00","Parco archeologico di Monte Sannace","Strada Provinciale 61 - Gioia del Colle - Turi Km 4,5 - Gioia del Colle","Gioia del Colle"
"GEA 2024  Dei, eroi del mito e persone comuni","2024-06-14 00:00:00","Museo archeologico nazionale e Castello di Gioia del Colle","piazza dei Martiri del 1799 - Gioia del Colle","Gioia del Colle"
"GEA 2024 - Accessibilit√† cognitiva e sensoriale nel nuovo allestimento del patrimonio archeologico del Castello Svevo di Bari","2024-06-14 00:00:00","Castello svevo di Bari","piazza Federico II di Svevia - Bari","Bari"
"GEA 2024 - Colora eroi e miti","2024-06-14 00:00:00","Museo archeologico nazionale e Castello di Gioia del Colle","piazza dei Martiri del 1799 - Gioia del Colle","Gioia del Colle"
"GEA 2024 - Caccia all‚Äôoggetto","2024-06-15 00:00:00","Museo archeologico nazionale e Castello di Gioia del Colle","piazza dei Martiri del 1799 - Gioia del Colle","Gioia del Colle"
"GEA 2024 - Raccontarsi l'archeologia. Il parco per tutti","2024-06-15 00:00:00","Parco archeologico di Monte Sannace","Strada Provinciale 61 - Gioia del Colle - Turi Km 4,5 - Gioia del Colle","Gioia del Colle"
"GEA 2024 - Racconto delle scoperte e nascita del Museo","2024-06-15 00:00:00","Museo archeologico nazionale e Castello di Gioia del Colle","piazza dei Martiri del 1799 - Gioia del Colle","Gioia del Colle"
"GEA 2024 - Colora eroi e miti. Appuntamento domenica 16 giugno","2024-06-16 00:00:00","Museo archeologico nazionale e Castello di Gioia del Colle","piazza dei Martiri del 1799 - Gioia del Colle","Gioia del Colle"
"GEA 2024 - Dei, eroi del mito e persone comuni. Appuntamento domenica 16 giugno","2024-06-16 00:00:00","Museo archeologico nazionale e Castello di Gioia del Colle","piazza dei Martiri del 1799 - Gioia del Colle","Gioia del Colle"
"GEA 2024 - Raccontarsi l'archeologia. Il parco per tutti_Copia","2024-06-16 00:00:00","Parco archeologico di Monte Sannace","Strada Provinciale 61 - Gioia del Colle - Turi Km 4,5 - Gioia del Colle","Gioia del Colle"
"Festa della Musica  2024 - Museo Jatta di Ruvo","2024-06-21 00:00:00","Museo nazionale Jatta","piazza G. Bovio - Ruvo di Puglia","Ruvo di Puglia"
"Festa della musica 2024 al Castello Svevo di Bari","2024-06-21 00:00:00","Castello svevo di Bari","piazza Federico II di Svevia - Bari","Bari"
"I Miti di Monte Sannace ‚Äì Laboratorio creativo per bambini dai 5 ai 12 anni","2024-07-31 00:00:00","Parco archeologico di Monte Sannace","Strada Provinciale 61 - Gioia del Colle - Turi Km 4,5 - Gioia del Colle","Gioia del Colle"
"Ferragosto 2024 al Parco archeologico di Monte Sannace","2024-08-15 00:00:00","Parco archeologico di Monte Sannace","Strada Provinciale 61 - Gioia del Colle - Turi Km 4,5 - Gioia del Colle","Gioia del Colle"
"GEP 2023 al Castello svevo di Bari_Copia_Copia_Copia","2024-08-15 00:00:00","Castello svevo di Bari","piazza Federico II di Svevia - Bari","Bari"
"Pasqua 2023 al Museo Nazionale Jatta di Ruvo di Puglia_Copia_Copia_Copia_Copia_Copia","2024-08-15 00:00:00","Museo nazionale Jatta","piazza G. Bovio - Ruvo di Puglia","Ruvo di Puglia"
"Pasquetta 2024 alla Galleria Devanna di Bitonto_Copia","2024-08-15 00:00:00","Galleria nazionale della Puglia ""Girolamo e Rosaria Devanna""","via Giandonato Rogadeo - Bitonto","Bitonto"
"Uno sguardo alla natura del Castello. I volatili del nostro territorio dal passato ad oggi_Copia_Copia_Copia","2024-08-15 00:00:00","Museo archeologico nazionale e Castello di Gioia del Colle","piazza dei Martiri del 1799 - Gioia del Colle","Gioia del Colle"
"Con lo sguardo al cielo al Parco di Monte Sannace - Seconda edizione","2024-08-17 00:00:00","Parco archeologico di Monte Sannace","Strada Provinciale 61 - Gioia del Colle - Turi Km 4,5 - Gioia del Colle","Gioia del Colle"
"GEP 2023 al Castello svevo di Bari_Copia_Copia_Copia_Copia","2024-09-19 00:00:00","Castello svevo di Bari","piazza Federico II di Svevia - Bari","Bari"
"Ferragosto 2024 al Parco archeologico di Monte Sannace_Copia","2024-09-28 00:00:00","Parco archeologico di Monte Sannace","Strada Provinciale 61 - Gioia del Colle - Turi Km 4,5 - Gioia del Colle","Gioia del Colle"
"GEP 2024 - Apertura straordinaria serale del Museo Civico di Bari","2024-09-28 00:00:00","Museo civico di Bari","Strada Sagges, 13 - Bari","Bari"
"GEP 2024 - Rutigliano fra arte, archeologia e artigianato","2024-09-28 00:00:00","Museo civico archeologico ""Grazia e Pietro Di Donna""","Piazza XX Settembre - Rutigliano","Rutigliano"
"GEP 2024 - Rutigliano: ti accoglie, ti meraviglia. Fra arte, archeologia e artigianato","2024-09-28 00:00:00","Museo fischietto in terracotta ""D. Divella""","Via Leopoldo Tarantini, 28 - Rutigliano","Rutigliano"
"GEP 2024 al Castello svevo di Bari - Apertura serale","2024-09-28 00:00:00","Castello svevo di Bari","piazza Federico II di Svevia - Bari","Bari"
"Gep 2024 - Apertura straordinaria serale alla Galleria Nazionale della Puglia ‚ÄúGirolamo e Rosaria Devanna‚Äù di Bitonto","2024-09-28 00:00:00","Galleria nazionale della Puglia ""Girolamo e Rosaria Devanna""","via Giandonato Rogadeo - Bitonto","Bitonto"
"LA VIA LATTEA Pastori e pellegrini in viaggio per la Puglia","2024-09-28 00:00:00","Archivio di Stato di Bari","Via Pietro Oreste, 45 - Bari","Bari"
"Pasqua 2023 al Museo Nazionale Jatta di Ruvo di Puglia_Copia_Copia_Copia_Copia_Copia_Copia","2024-09-28 00:00:00","Museo nazionale Jatta","piazza G. Bovio - Ruvo di Puglia","Ruvo di Puglia"
"Uno sguardo alla natura del Castello. I volatili del nostro territorio dal passato ad oggi_Copia_Copia_Copia_Copia","2024-09-28 00:00:00","Museo archeologico nazionale e Castello di Gioia del Colle","piazza dei Martiri del 1799 - Gioia del Colle","Gioia del Colle"
"GEP 2023 al Castello svevo di Bari_Copia_Copia_Copia_Copia","2024-09-29 00:00:00","Castello svevo di Bari","piazza Federico II di Svevia - Bari","Bari"
"GEP 2024 - Passeggiata con Famiglie al Museo! Alla scoperta del nostro Patrimonio","2024-09-29 00:00:00","Museo e Pinacoteca d'Arte Medievale e Moderna della Citt√† Metropolitana di Bari ""Corrado Giaquinto""","Via Spalato, 19 - Bari","Bari"
"Con lo sguardo al cielo al Parco di Monte Sannace - Seconda edizione_Copia","2024-10-13 00:00:00","Parco archeologico di Monte Sannace","Strada Provinciale 61 - Gioia del Colle - Turi Km 4,5 - Gioia del Colle","Gioia del Colle"
"F@mu 2024 - Pu-pazzi al Castello","2024-10-13 00:00:00","Castello svevo di Bari","piazza Federico II di Svevia - Bari","Bari"
"‚ÄúLe pergamene miniate: il difficile equilibrio tra tutela e valorizzazione.‚Äù","2024-10-13 00:00:00","Archivio di Stato di Bari","Via Pietro Oreste, 45 - Bari","Bari"
"Giornata Internazionale delle persone con disabilit√† alla Galleria ""Devanna"" di Bitonto","2024-12-20 00:00:00","Galleria nazionale della Puglia ""Girolamo e Rosaria Devanna""","via Giandonato Rogadeo - Bitonto","Bitonto"
"Capodanno 2025 al Castello Svevo di Bari","2025-01-01 00:00:00","Castello svevo di Bari","piazza Federico II di Svevia - Bari","Bari"
"Capodanno 2025 al Museo Archeologico Nazionale di Altamura","2025-01-01 00:00:00","Museo  archeologico nazionale di Altamura","via Santeramo - Altamura","Altamura"
"Capodanno 2025 al Museo Archeologico Nazionale e Castello di Gioia del Colle","2025-01-01 00:00:00","Museo archeologico nazionale e Castello di Gioia del Colle","piazza dei Martiri del 1799 - Gioia del Colle","Gioia del Colle"
"Capodanno 2025 alla Galleria Nazionale della Puglia ""Girolamo e Rosaria Devanna"" di Bitonto","2025-01-01 00:00:00","Galleria nazionale della Puglia ""Girolamo e Rosaria Devanna""","via Giandonato Rogadeo - Bitonto","Bitonto"
"Capodanno 2025 al Castello Svevo di Bari_Copia","2025-01-06 00:00:00","Castello svevo di Bari","piazza Federico II di Svevia - Bari","Bari"
"Ferragosto 2024 al Parco archeologico di Monte Sannace_Copia","2025-01-06 00:00:00","Parco archeologico di Monte Sannace","Strada Provinciale 61 - Gioia del Colle - Turi Km 4,5 - Gioia del Colle","Gioia del Colle"
"PASQUETTA 2022 NEL MUSEO NAZIONALE ARCHEOLOGICO DI ALTAMURA_Copia_Copia_Copia_Copia_Copia_Copia_Copia","2025-01-06 00:00:00","Museo  archeologico nazionale di Altamura","via Santeramo - Altamura","Altamura"
"Pasqua 2023 al Museo Nazionale Jatta di Ruvo di Puglia_Copia_Copia_Copia_Copia_Copia_Copia","2025-01-06 00:00:00","Museo nazionale Jatta","piazza G. Bovio - Ruvo di Puglia","Ruvo di Puglia"
"Pasquetta 2024 alla Galleria Devanna di Bitonto_Copia_Copia","2025-01-06 00:00:00","Galleria nazionale della Puglia ""Girolamo e Rosaria Devanna""","via Giandonato Rogadeo - Bitonto","Bitonto"
"Uno sguardo alla natura del Castello. I volatili del nostro territorio dal passato ad oggi_Copia_Copia_Copia_Copia","2025-01-06 00:00:00","Museo archeologico nazionale e Castello di Gioia del Colle","piazza dei Martiri del 1799 - Gioia del Colle","Gioia del Colle"
"Ferragosto 2024 al Parco archeologico di Monte Sannace_Copia_Copia","2025-03-02 00:00:00","Parco archeologico di Monte Sannace","Strada Provinciale 61 - Gioia del Colle - Turi Km 4,5 - Gioia del Colle","Gioia del Colle"
"Capodanno 2025 al Castello Svevo di Bari_Copia_Copia","2025-03-08 00:00:00","Castello svevo di Bari","piazza Federico II di Svevia - Bari","Bari"
"Ferragosto 2024 al Parco archeologico di Monte Sannace_Copia_Copia_Copia","2025-03-08 00:00:00","Parco archeologico di Monte Sannace","Strada Provinciale 61 - Gioia del Colle - Turi Km 4,5 - Gioia del Colle","Gioia del Colle"
"Giornata internazionale della donna 2025 alla Galleria Devanna di Bitonto","2025-03-08 00:00:00","Galleria nazionale della Puglia ""Girolamo e Rosaria Devanna""","via Giandonato Rogadeo - Bitonto","Bitonto"
"Uno sguardo alla natura del Castello. I volatili del nostro territorio dal passato ad oggi_Copia_Copia_Copia_Copia_Copia","2025-03-08 00:00:00","Museo archeologico nazionale e Castello di Gioia del Colle","piazza dei Martiri del 1799 - Gioia del Colle","Gioia del Colle"
"Note in Galleria","2025-04-12 00:00:00","Galleria nazionale della Puglia ""Girolamo e Rosaria Devanna""","via Giandonato Rogadeo - Bitonto","Bitonto"
"Capodanno 2025 al Castello Svevo di Bari","2025-04-20 00:00:00","Castello svevo di Bari","piazza Federico II di Svevia - Bari","Bari"
"PASQUETTA 2022 NEL MUSEO NAZIONALE ARCHEOLOGICO DI ALTAMURA_Copia_Copia_Copia_Copia_Copia_Copia_Copia","2025-04-20 00:00:00","Museo  archeologico nazionale di Altamura","via Santeramo - Altamura","Altamura"
"Pasqua 2024 al Museo Nazionale Jatta di Ruvo_Copia","2025-04-20 00:00:00","Museo nazionale Jatta","piazza G. Bovio - Ruvo di Puglia","Ruvo di Puglia"
"Pasqua 2024 alla Galleria Devanna di Bitonto_Copia","2025-04-20 00:00:00","Galleria nazionale della Puglia ""Girolamo e Rosaria Devanna""","via Giandonato Rogadeo - Bitonto","Bitonto"
"Pasquetta al Parco archeologico di Monte Sannace_Copia_Copia_Copia_Copia","2025-04-20 00:00:00","Parco archeologico di Monte Sannace","Strada Provinciale 61 - Gioia del Colle - Turi Km 4,5 - Gioia del Colle","Gioia del Colle"
"Uno sguardo alla natura del Castello. I volatili del nostro territorio dal passato ad oggi_Copia_Copia","2025-04-20 00:00:00","Museo archeologico nazionale e Castello di Gioia del Colle","piazza dei Martiri del 1799 - Gioia del Colle","Gioia del Colle"
"Capodanno 2025 al Castello Svevo di Bari_Copia","2025-04-21 00:00:00","Castello svevo di Bari","piazza Federico II di Svevia - Bari","Bari"
"PASQUETTA 2022 NEL MUSEO NAZIONALE ARCHEOLOGICO DI ALTAMURA_Copia_Copia_Copia_Copia_Copia_Copia_Copia_Copia","2025-04-21 00:00:00","Museo  archeologico nazionale di Altamura","via Santeramo - Altamura","Altamura"
"Pasquetta 2024 al Museo Nazionale Jatta di Ruvo_Copia","2025-04-21 00:00:00","Museo nazionale Jatta","piazza G. Bovio - Ruvo di Puglia","Ruvo di Puglia"
"Pasquetta 2024 alla Galleria Devanna di Bitonto_Copia","2025-04-21 00:00:00","Galleria nazionale della Puglia ""Girolamo e Rosaria Devanna""","via Giandonato Rogadeo - Bitonto","Bitonto"
"Pasquetta al Parco archeologico di Monte Sannace_Copia_Copia_Copia_Copia","2025-04-21 00:00:00","Parco archeologico di Monte Sannace","Strada Provinciale 61 - Gioia del Colle - Turi Km 4,5 - Gioia del Colle","Gioia del Colle"
"Uno sguardo alla natura del Castello. I volatili del nostro territorio dal passato ad oggi_Copia_Copia_Copia","2025-04-21 00:00:00","Museo archeologico nazionale e Castello di Gioia del Colle","piazza dei Martiri del 1799 - Gioia del Colle","Gioia del Colle"
"25 aprile al Muse archeologico nazionale e Castello di Gioia del Colle_Copia","2025-04-25 00:00:00","Museo archeologico nazionale e Castello di Gioia del Colle","piazza dei Martiri del 1799 - Gioia del Colle","Gioia del Colle"
"25 aprile alla Galleria Nazionale della Puglia ‚ÄúGirolamo e Rosaria Devanna‚Äù di Bitonto_Copia","2025-04-25 00:00:00","Galleria nazionale della Puglia ""Girolamo e Rosaria Devanna""","via Giandonato Rogadeo - Bitonto","Bitonto"
"Capodanno 2025 al Castello Svevo di Bari_Copia","2025-04-25 00:00:00","Castello svevo di Bari","piazza Federico II di Svevia - Bari","Bari"
"PASQUETTA 2022 NEL MUSEO NAZIONALE ARCHEOLOGICO DI ALTAMURA_Copia_Copia_Copia_Copia_Copia_Copia","2025-04-25 00:00:00","Museo  archeologico nazionale di Altamura","via Santeramo - Altamura","Altamura"
"Pasqua 2023 al Museo Nazionale Jatta di Ruvo di Puglia_Copia_Copia_Copia_Copia_Copia","2025-04-25 00:00:00","Museo nazionale Jatta","piazza G. Bovio - Ruvo di Puglia","Ruvo di Puglia"
"Pasquetta al Parco archeologico di Monte Sannace_Copia_Copia_Copia","2025-04-25 00:00:00","Parco archeologico di Monte Sannace","Strada Provinciale 61 - Gioia del Colle - Turi Km 4,5 - Gioia del Colle","Gioia del Colle"
"1 maggio 2024 alla Galleria Nazionale della Puglia ‚ÄúGirolamo e Rosaria Devanna‚Äù di Bitonto_Copia","2025-05-01 00:00:00","Galleria nazionale della Puglia ""Girolamo e Rosaria Devanna""","via Giandonato Rogadeo - Bitonto","Bitonto"
"1¬∞ maggio 2025 al Parco archeologico di Monte Sannace","2025-05-01 00:00:00","Parco archeologico di Monte Sannace","Strada Provinciale 61 - Gioia del Colle - Turi Km 4,5 - Gioia del Colle","Gioia del Colle"
"1¬∞ maggio al Museo Nazionale Archeologico di Altamura","2025-05-01 00:00:00","Museo  archeologico nazionale di Altamura","via Santeramo - Altamura","Altamura"
"Capodanno 2025 al Castello Svevo di Bari_Copia_Copia","2025-05-01 00:00:00","Castello svevo di Bari","piazza Federico II di Svevia - Bari","Bari"
"Il 1 maggio al Museo Archeologico Nazionale e Castello di Gioia del Colle_Copia","2025-05-01 00:00:00","Museo archeologico nazionale e Castello di Gioia del Colle","piazza dei Martiri del 1799 - Gioia del Colle","Gioia del Colle"
"Pasquetta 2024 al Museo Nazionale Jatta di Ruvo_Copia_Copia","2025-05-01 00:00:00","Museo nazionale Jatta","piazza G. Bovio - Ruvo di Puglia","Ruvo di Puglia"
"Paesaggio e territorio. I Musei della Puglia si raccontano, fra arte e archeologia. Ciclo di incontri tematici","2025-05-09 00:00:00","Galleria nazionale della Puglia ""Girolamo e Rosaria Devanna""","via Giandonato Rogadeo - Bitonto","Bitonto"
"Capodanno 2025 al Castello Svevo di Bari_Copia_Copia_Copia","2025-05-17 00:00:00","Castello svevo di Bari","piazza Federico II di Svevia - Bari","Bari"
"Notte Europea dei Musei 2025 al Museo Archeologico Nazionale di Altamura","2025-05-17 00:00:00","Museo  archeologico nazionale di Altamura","via Santeramo - Altamura","Altamura"
"Notte Europea dei Musei 2025 al Museo Archeologico Nazionale e Castello di Gioia del Colle","2025-05-17 00:00:00","Museo archeologico nazionale e Castello di Gioia del Colle","piazza dei Martiri del 1799 - Gioia del Colle","Gioia del Colle"
"Notte Europea dei Musei 2025 alla Galleria Nazionale della Puglia ""G. e R. Devanna"" di Bitonto","2025-05-17 00:00:00","Galleria nazionale della Puglia ""Girolamo e Rosaria Devanna""","via Giandonato Rogadeo - Bitonto","Bitonto"
"Notte Europea dei Musei 2025 al Museo nazionale Jatta di Ruvo di Puglia","2025-05-17 00:00:00","Museo nazionale Jatta","piazza G. Bovio - Ruvo di Puglia","Ruvo di Puglia"
"RiScoperte. Luci e ombre del collezionismo","2025-05-21 00:00:00","Museo nazionale Jatta","piazza G. Bovio - Ruvo di Puglia","Ruvo di Puglia"
"‚ÄúHo una tesi‚Äù  Ciclo di seminari.  Virginia Stasi, il terzo secolo a.C. a Monte Sannace: l‚Äôarcheologia racconta un grande cambiamento.","2025-05-24 00:00:00","Parco archeologico di Monte Sannace","Strada Provinciale 61 - Gioia del Colle - Turi Km 4,5 - Gioia del Colle","Gioia del Colle"
"2 giugno 2025 al Museo Archeologico Nazionale e Castello di Gioia del Colle","2025-06-02 00:00:00","Museo archeologico nazionale e Castello di Gioia del Colle","piazza dei Martiri del 1799 - Gioia del Colle","Gioia del Colle"
"2 giugno 2025 al Museo nazionale Jatta di Ruvo di Puglia","2025-06-02 00:00:00","Museo nazionale Jatta","piazza G. Bovio - Ruvo di Puglia","Ruvo di Puglia"
"2 giugno 2025 alla Galleria Nazionale della Puglia ""G. e R. Devanna"" di Bitonto","2025-06-02 00:00:00","Galleria nazionale della Puglia ""Girolamo e Rosaria Devanna""","via Giandonato Rogadeo - Bitonto","Bitonto"
"Capodanno 2025 al Castello Svevo di Bari_Copia_Copia","2025-06-02 00:00:00","Castello svevo di Bari","piazza Federico II di Svevia - Bari","Bari"
"PASQUETTA 2022 NEL MUSEO NAZIONALE ARCHEOLOGICO DI ALTAMURA_Copia_Copia_Copia_Copia_Copia_Copia_Copia_Copia_Copia","2025-06-02 00:00:00","Museo  archeologico nazionale di Altamura","via Santeramo - Altamura","Altamura"
"Pasquetta al Parco archeologico di Monte Sannace_Copia","2025-06-02 00:00:00","Parco archeologico di Monte Sannace","Strada Provinciale 61 - Gioia del Colle - Turi Km 4,5 - Gioia del Colle","Gioia del Colle"
"GEA 2025 - Ricostruiamo i vasi","2025-06-13 00:00:00","Museo archeologico nazionale e Castello di Gioia del Colle","piazza dei Martiri del 1799 - Gioia del Colle","Gioia del Colle"
"GEA 2025 - Ricostruiamo i vasi_Copia","2025-06-13 00:00:00","Museo archeologico nazionale e Castello di Gioia del Colle","piazza dei Martiri del 1799 - Gioia del Colle","Gioia del Colle"
"GEA 2025 al Museo nazionale Jatta di Ruvo di Puglia: ""Archeologia RiScoperta""","2025-06-13 00:00:00","Museo nazionale Jatta","piazza G. Bovio - Ruvo di Puglia","Ruvo di Puglia"
"GEP 2025 - Alla scoperta delle collezioni del Museo","2025-06-13 00:00:00","Museo archeologico nazionale e Castello di Gioia del Colle","piazza dei Martiri del 1799 - Gioia del Colle","Gioia del Colle"
"GEA 2025 - Visita guidata in acropoli - Monte Sannace","2025-06-14 00:00:00","Parco archeologico di Monte Sannace","Strada Provinciale 61 - Gioia del Colle - Turi Km 4,5 - Gioia del Colle","Gioia del Colle"
"GEA 2025 al Museo di Altamura: Tesori nascosti dai depositi del museo. Dalla ricerca scientifica alla valorizzazione","2025-06-14 00:00:00","Museo  archeologico nazionale di Altamura","via Santeramo - Altamura","Altamura"
"GEA 2025 - Inaugurazione dell'Archeoground al Parco archeologico di Monte Sannace","2025-06-15 00:00:00","Parco archeologico di Monte Sannace","Strada Provinciale 61 - Gioia del Colle - Turi Km 4,5 - Gioia del Colle","Gioia del Colle"
"Festa della Musica 2025 al Castello svevo di Bari","2025-06-20 00:00:00","Castello svevo di Bari","piazza Federico II di Svevia - Bari","Bari"
"Festa della Musica 2025 alla Galleria Nazionale della Puglia ""G. e R. Devanna"". Gli studenti del Conservatorio ""N. Piccinni"" di Bari in concerto","2025-06-21 00:00:00","Galleria nazionale della Puglia ""Girolamo e Rosaria Devanna""","via Giandonato Rogadeo - Bitonto","Bitonto"
"Festa della Musica 2025 al Museo nazionale Jatta di Ruvo di Puglia","2025-06-21 00:00:00","Museo nazionale Jatta","piazza G. Bovio - Ruvo di Puglia","Ruvo di Puglia"
"""Soul & t-shirt""","2025-07-06 00:00:00","Museo archeologico nazionale e Castello di Gioia del Colle","piazza dei Martiri del 1799 - Gioia del Colle","Gioia del Colle"
